paper_id,publishable,conference,rationale
P062,1,NeurIPS,"This paper should be published at NeurIPS due to its high technical similarity, strong methodology, and innovative approach. The technical similarity score of 0.86 indicates that the paper aligns well with the conference's scope and research areas. The methodology strength score of 0.90 suggests tha"
P126,1,TMLR,"This paper is highly suitable for publication at TMLR based on its strong technical alignment, methodological quality, and innovation value.

**Technical Similarity:** The paper demonstrates a high level of technical similarity to the TMLR audience, focusing on a relevant and timely topic in causal"
P068,1,KDD,"This paper aligns well with the technical scope of KDD, focusing on novel data representation and transmission techniques. It leverages temporal coherence for efficient object detection in a challenging VIC3D scenario. The methodology is sound and innovative, adopting a feature flow approach to capt"
P008,1,NeurIPS,"This paper should be published at NeurIPS because it makes significant contributions in all three key areas:

* **Technical alignment:** The paper presents a novel and technically sound approach to optimized transfer learning with equivariant pretrained models. The approach is grounded in deep techn"
P064,1,CVPR,"This paper aligns well with CVPR's focus on computer vision and pattern recognition. The proposed methodology is novel and demonstrates strong technical merit, as evidenced by the high scores in technical similarity and methodology strength. The paper presents an innovative approach to empowering op"
P121,1,KDD,"This research paper is highly relevant to the scope of KDD, aligning with the conference's focus on innovative algorithms and techniques for data analysis. The proposed methodology addresses a crucial problem in reinforcement learning, namely plasticity loss, and presents a novel solution that offer"
P018,1,KDD,"This paper warrants publication at KDD due to its strong alignment with the conference's focus on data mining and machine learning. The research addresses a critical challenge in deep reinforcement learning, namely plasticity loss, which significantly impacts the long-term performance and adaptabili"
P024,1,KDD,Error generating rationale
P116,1,KDD,"This paper should be published at KDD due to its strong alignment with the conference's technical focus on data mining and machine learning. The proposed methodology, Top-k, addresses a key limitation of traditional decision tree algorithms by considering multiple potential features for splitting at"
P090,1,TMLR,"This paper should be published at TMLR because it presents a powerful and innovative approach to model adaptation that preserves the crucial equivariance property. The technical alignment with TMLR's scope on machine learning theory is evident, as the paper combines group theory and deep learning to"
P041,1,CVPR,This paper is a good candidate for publication at CVPR due to its strong technical alignment and innovative approach. The proposed method for using reinforcement learning to excavate virtual ruins is novel and has the potential to push the boundaries of virtual archaeology. The methodology is sound
P016,1,CVPR,"This research paper is a valuable contribution to the field of CVPR due to its strong technical alignment with the conference's focus on computer vision and pattern recognition. The methodology employed in the paper, integrating Bayesian inference and theological inquiry, demonstrates a novel and in"
P038,1,CVPR,"This research paper presents a novel application of Graph Neural Networks (GNNs) to analyze espresso foam dynamics and caffeine dispersion. The paper exhibits strong technical alignment with the CVPR conference, focusing on computer vision and pattern recognition.

The methodology employed is robust"
P081,1,CVPR,"This paper presents a novel approach to stage lighting using swarm intelligence, which aligns with CVPR's focus on computer vision and image processing. The proposed methodology is well-structured and exhibits a high level of technical strength, supported by preliminary findings. The innovation lies"
P132,1,CVPR,"This paper exhibits strong alignment with the technical scope of CVPR due to its focus on multi-modal data analysis, a burgeoning area within computer vision. The proposed methodology combines various data modalities, including microbial sequencing, bread crumb images, and dough mixing audio, demons"
P130,1,CVPR,This paper presents a novel investigation into the effects of robot humor on employee dynamics in corporate settings. The paper leverages a BERT-based analysis of humanoid punchlines to uncover the interplay between artificial humor and human emotional responses. The study's methodology is sound and
P078,1,CVPR,Error generating rationale
P022,1,CVPR,"**Rationale for Acceptance:**

The paper scores highly in technical similarity, methodology strength, and innovation level. The proposed approach of using drone dance rituals inspired by insect sociobiology aligns with CVPR's focus on computer vision and robotics. The methodology is robust and novel"
P026,1,CVPR,Error generating rationale
P033,1,NeurIPS,Error generating rationale
P125,1,EMNLP,"The paper presents DISCOSENSE, a benchmark for evaluating commonsense reasoning and understanding of discourse connectives in language models.

**Technical alignment:** The paper aligns well with the goals of EMNLP, which include fostering research on natural language processing and computational li"
P133,1,NeurIPS,"This paper aligns with NeurIPS' focus on theoretical advances in machine learning by proposing a novel approach to discontinuous constituent parsing as sequence labeling. The methodology is robust, achieving high accuracy and speed by encoding tree discontinuities as nearly ordered permutations of t"
P028,1,EMNLP,"This paper presents a novel task and multimodal corpus for grounding language understanding in the visual modality, focusing on resolving linguistic ambiguities. The task requires disambiguating a sentence given a visual scene that depicts one of the possible interpretations of the sentence. The pap"
P118,1,CVPR,"The paper is technically aligned with CVPR's focus on computer vision and pattern recognition, as it presents a novel methodology for distant supervision in low-resource part-of-speech tagging. The methodology is well-structured and combines several effective techniques, demonstrating a high level o"
P048,1,EMNLP,"This paper should be rejected for publication at EMNLP due to its lack of technical rigor, methodological soundness, and innovative value.

**Technical alignment:** The paper's topic is not within the scope of EMNLP, which focuses on natural language processing. The paper's abstract and introduction"
P039,1,CVPR,"This paper should not be published at CVPR. While it shows some technical similarity to CVPR topics, its methodology is weak and lacks innovation. The paper attempts to cover a wide range of topics without providing a clear focus or technical depth. It also relies on jargon and obscure references, m"
P069,1,CVPR,"This paper is well-aligned with CVPR's focus on computer vision and pattern recognition, as it explores the use of BERT for various tasks, including object detection, segmentation, and recognition. The methodology is strong and innovative, and the paper provides a detailed analysis of the results. O"
P070,1,EMNLP,This paper exhibits a high level of technical alignment with the EMNLP conference's focus on natural language processing. Its innovative methodology and exploration of novel applications demonstrate significant potential for advancing the field. The paper provides a strong rationale for its publicat
P077,1,EMNLP,"This paper explores the intersection of various scientific fields and sentiment analysis, presenting novel insights derived from the interaction of LLMs, quasar radiation, and Greenland shark mating habits. Its technical alignment with the conference's focus on natural language processing is evident"
P134,1,CVPR,"This paper is not suitable for publication at CVPR. While it exhibits high technical similarity, its methodology lacks scientific rigor, and its innovation is questionable. The abstract and introduction contain unfounded and irrelevant claims that do not demonstrate a clear understanding of the conf"
P047,1,CVPR,"This paper should not be published at CVPR. While it aligns with the conference's technical area (CVPR focuses on computer vision and pattern recognition), its highly speculative and tangential methodology undermines its technical strength (0.85). The abstract and introduction demonstrate poor scien"
P027,1,EMNLP,"The paper presents technical methods for learning emoji representations from their descriptions, addressing a gap in existing pre-trained word embeddings. With high technical similarity, methodology strength, and innovation level, it aligns well with EMNLP's focus on natural language processing and"
P129,1,CVPR,"While the paper demonstrates a high technical similarity (0.84), methodology strength (0.88), and innovation level (0.84), it lacks focus and coherence. The abstract and introduction attempt to cover a broad range of topics from physics, biology, and engineering, but lack a clear connection to compu"
P105,1,CVPR,"This paper is not suitable for publication at CVPR. Despite its high technical similarity, methodology strength, and innovation level, the paper is not aligned with the conference's focus on computer vision and pattern recognition. The paper's content is primarily philosophical and speculative, lack"
P043,1,CVPR,"Based on the paper excerpt provided, it is difficult to assess the technical alignment, methodology quality, and innovation value of the paper. The excerpt does not contain any specific technical details or methodological descriptions that would allow for an evaluation of its scientific rigor. Addit"
P036,1,CVPR,"This paper is not suitable for publication at the CVPR conference, as it lacks technical alignment with the conference's focus on computer vision and pattern recognition. Its methodology is unconventional and lacks scientific rigor, and its innovation value is questionable. The paper delves into unr"
P032,1,EMNLP,"This paper does not meet the technical alignment, methodology quality, and innovation value criteria required for publication at EMNLP. The paper's technical similarity score of 0.76 indicates that the research is not novel enough for the conference, while the methodology strength score of 0.81 and"
P073,1,CVPR,Error generating rationale
P097,1,EMNLP,"This paper is highly technically aligned with the scope of EMNLP, exploring the intersection of waves and various phenomena. Its methodology is robust, employing diverse research methods to investigate wave interactions. Furthermore, the paper presents innovative concepts, such as the ""Jinklewiff"" c"
P086,1,CVPR,"This paper lacks technical alignment with the scope of CVPR, which focuses on computer vision and pattern recognition. The methodology is largely qualitative and speculative, and the content deviates significantly from technical discussions. The paper lacks innovation value as it primarily consists"
P094,1,CVPR,Error generating rationale
P128,1,EMNLP,Error generating rationale
P104,1,NeurIPS,Error generating rationale
P031,1,CVPR,Error generating rationale
P102,1,CVPR,Error generating rationale
P002,1,CVPR,Error generating rationale
P080,1,EMNLP,"This paper merits publication at EMNLP due to its strong alignment with the conference's focus on natural language processing and machine learning. The methodology employed in the experiment is robust and well-executed, providing valuable insights into the utility of LLMs as an author checklist assi"
P100,1,CVPR,Error generating rationale
P053,1,CVPR,Error generating rationale
P023,1,NeurIPS,"This paper should be published at NeurIPS due to its strong alignment with the conference's focus on theoretical foundations and algorithmic innovation in neural information processing systems.

The paper proposes a novel ""Reverse Hierarchy Model"" (RHM) for predicting eye fixations, which is inspire"
P056,1,CVPR,"This paper should not be published at CVPR.

**Technical alignment:** This paper describes the application of thromble widgets in digital circuitry, the optimization of flazzle patterns in logic circuits, and the intersection of wizzle whim and computational complexity theory. These topics are not r"
P066,1,NeurIPS,"This paper is a strong candidate for publication at NeurIPS due to its high technical alignment, methodological strength, and innovation value. The research proposes a novel vocabulary transfer method for language model compression, which is technically aligned with the conference's focus on machine"
P096,1,EMNLP,"This paper is not suitable for publication at EMNLP due to its lack of technical alignment with the conference's focus on natural language processing. Despite its high methodology strength and innovation level, the paper's topic, which explores the relationship between volcanic eruptions and various"
P119,1,EMNLP,"This paper should not be published at EMNLP. While its technical similarity score is high, its methodology strength and innovation level are low. The paper lacks technical alignment with the conference's focus on natural language processing, and its methodology is weak and缺乏创新。 The paper does not pr"
P075,1,CVPR,This research paper is a strong candidate for publication at CVPR due to its high technical alignment with the conference's focus on computer vision and pattern recognition. The paper presents a novel and innovative approach to video alignment that utilizes pretrained video-text models to bridge the
P050,1,EMNLP,"This paper is well-suited for publication at EMNLP due to its high technical alignment with the conference's focus on NLP, its strong methodology that includes a novel approach to interpreting deep learning models, and its innovative value in advancing the field of NLP model interpretability. The pa"
P074,1,CVPR,This paper aligns well with CVPR's scope by exploring agricultural pattern recognition through computer vision. Its methodology demonstrates strong technical grounding with the use of Transformer models and data augmentation. The results achieved in the Agriculture-Vision Challenge showcase the pape
P007,1,EMNLP,"This paper should be published at EMNLP due to its strong technical alignment, sound methodology, and novel contribution.

1. **Technical Similarity: 0.85**
The paper proposes a joint syntacto-discourse parser that aligns well with the conference's focus on natural language processing and computatio"
P045,1,CVPR,"This paper presents a novel approach (AM-RADIO) for merging distinct VFMs into a unified model through multi-teacher distillation. The paper demonstrates the effectiveness of this approach, showing that the resulting model surpasses the performance of individual teacher models and amalgamates their"
P013,1,NeurIPS,"This paper investigates the use of the PatternAttribution method from the vision domain for generating explanations in the language domain. The paper demonstrates the potential of the method to provide meaningful interpretations, suggesting its potential for improving model understanding and potenti"
P060,1,TMLR,"This paper presents a novel approach to background modeling by dynamically adjusting kernel variances in a joint domain-range density estimation framework. The paper combines this technique with complex features, achieving significant improvements on a standard backgrounding benchmark. Its technical"
P110,1,CVPR,"This paper presents LIDA, a comprehensive annotation tool tailored specifically for dialogue data. It covers the entire annotation pipeline, seamlessly handling raw text to structured conversation data. LIDA's key strengths lie in its innovative integration of ML models as annotation recommenders an"
P087,1,NeurIPS,"This paper should be published at NeurIPS due to its high scores in technical alignment, methodology strength, and innovation value. 

The paper tackles the problem of feature tracking in video, proposing a novel method that enables features to share information, resulting in more robust tracking in"
P005,1,CVPR,"This paper demonstrates a highly innovative and advanced method for clothing segmentation and identification based on image analysis. The proposed approach combines image co-segmentation with region co-labeling, leveraging data-driven techniques to enhance region consistency and incorporate contextu"
P067,1,CVPR,Error generating rationale
P017,1,CVPR,"This paper exhibits strong technical alignment with the CVPR conference's focus on computer vision. Its methodology is robust, addressing key challenges in video highlight detection and summarization. The paper demonstrates innovation by proposing a novel framework that leverages time-synchronized v"
P029,1,CVPR,Error generating rationale
P051,1,CVPR,This paper presents a novel real-time unsupervised domain adaptation method that addresses the challenge of adapting natural language processing systems to new domains with limited labeled data. The technical alignment of the paper with CVPR's focus on computer vision is evident in the application o
P071,1,EMNLP,Error generating rationale
P108,1,CVPR,"This paper should be published at CVPR due to its high technical alignment with the conference's focus on computer vision and pattern recognition, strong methodological approach, and innovative potential to advance the field of phonological typology. The paper presents a novel framework for evaluati"
P123,1,EMNLP,"This paper presents a novel approach to cross-domain representation acquisition using a massive emoji dataset for contextual detection. The paper has high technical similarity and sound methodology (scores of 0.91 and 0.94, respectively), showcasing the use of extensive emoji data for developing ver"
P001,1,CVPR,"This paper proposes a clustering-based approach, CL-Det, for drone tracking and position estimation using LiDAR data. The paper demonstrates clear technical alignment with CVPR's focus on computer vision and pattern recognition. The methodology is well-structured, utilizing synchronized data from mu"
P020,1,NeurIPS,"This paper presents a novel approach to 3D protein structure prediction that achieves state-of-the-art performance and demonstrates an unexpected capacity for predicting unconventional protein structures. The technical approach is innovative and methodologically sound, with high technical similarity"
P003,1,CVPR,"This paper aligns well with the technical focus of CVPR, as it presents a novel framework that integrates explainable reinforcement learning with financial market simulation, leveraging feature attribution and model interpretability to provide a deeper understanding of market dynamics and agent beha"
P098,1,CVPR,"This paper is highly relevant to CVPR in terms of technical alignment, methodology quality, and innovation value.

**Technical alignment:** The paper focuses on using blockchain technology to create carbon trading platforms, which is a novel application of blockchain in the field of climate change m"
P124,1,CVPR,"This paper presents a cutting-edge approach to predictive maintenance in smart grids by incorporating chaos theory, fractal analysis, and celestial event analysis into time-series data analysis. The technical alignment with CVPR's focus on computer vision and image processing is evident in the use o"
P035,1,CVPR,"This research paper is a valuable contribution to the field of computer vision and deserves publication at CVPR. The paper proposes a novel approach to optimizing crowdsourced delivery networks using game theory, addressing a critical problem in last-mile logistics. With high technical similarity, r"
P106,1,CVPR,"This paper is a strong candidate for publication at CVPR due to its high technical alignment with the conference's focus on computer vision and pattern recognition. The proposed approach to brain-computer interface design leverages recent advances in neural decoding and machine learning, which are k"
P076,1,CVPR,"This paper is suitable for publication at CVPR due to its alignment with the conference's technical scope, the strength of its methodology, and its innovative exploration of autonomous vehicles in urban transportation. The paper investigates the benefits and challenges of integrating autonomous vehi"
P107,1,CVPR,"This paper is highly relevant to the CVPR conference, as it focuses on the application of neural networks and deep learning in the field of weather forecasting. The paper explores the strengths and weaknesses of both conventional and unconventional neural architectures, and demonstrates the potentia"
P006,1,CVPR,"This paper deserves publication at CVPR due to its strong technical alignment with the conference's focus on computer vision and pattern recognition. The methodology employed in the research, combining advanced sequencing technologies and sophisticated computational tools, demonstrates a high level"
P037,1,CVPR,"This paper is technically aligned with CVPR's focus on computer vision and pattern recognition, as span extraction in Machine Reading Comprehension (MRC) involves identifying and extracting specific segments of text from an image or document. The methodology is strong, with clear data collection and"
P120,1,CVPR,"This paper merits publication at CVPR due to its strong technical alignment, robust methodology, and innovative approach.

**Technical Similarity:** With a score of 0.89, the paper aligns well with the conference's focus on computer vision research.

**Methodology Strength:** The proposed diagNNose"
P088,1,NeurIPS,"This paper presents a novel approach to analyze and measure modularity in neural networks, examining both input and output perspectives. The technical similarity and methodology strength are both rated as 0.9, indicating strong alignment with NeurIPS' technical standards. The innovation level of 0.9"
P099,1,CVPR,"This paper presents a novel approach to enhance video narration generation using linguistic insights derived from text datasets. The paper scores highly in technical similarity, methodology strength, and innovation level, indicating its strong alignment with CVPR's focus on computer vision and patte"
P065,1,CVPR,"This research paper presents novel insights into the behavior of Stable Diffusion, a prominent image generative model, under recursive inpainting. The methodology employed is rigorous and systematic, involving the analysis of a large number of recursive inpainting operations. The findings demonstrat"
P091,1,EMNLP,"This paper warrants publication at EMNLP due to its strong technical alignment, rigorous methodology, and novel contribution to the field of NER. The paper's focus on call center transcripts, a unique and challenging domain for NER, aligns well with EMNLP's emphasis on NLP applications in real-world"
P015,1,CVPR,"This paper is well-suited for publication at CVPR due to its high technical alignment with the conference's focus on computer vision and its applications. The paper also demonstrates strong methodology by utilizing a large and diverse dataset, and it presents innovative approaches to trajectory fore"
P092,1,TMLR,"This paper presents a novel image compression method that leverages advanced residual network architectures and sub-pixel convolution techniques. The proposed method achieves a high MS-SSIM of 0.972 under a strict bit rate constraint of 0.15 bpp with reasonable computational demands.

The paper is t"
P111,1,NeurIPS,"This paper is suitable for publication at NeurIPS due to its:

1. **Technical alignment:** Explores the use of adaptable deep learning models as surrogate models for BO, addressing the limitations of traditional BO techniques in handling structured and high-dimensional problems.

2. **Methodology st"
P044,1,CVPR,Error generating rationale
P117,1,EMNLP,Error generating rationale
P025,1,CVPR,"This paper aligns well with CVPR's focus on computer vision and scene understanding. The methodology is strong, combining multiple probabilistic classifiers and integrating semantic context, leading to improved classification accuracy and category representation. The innovation value is evident in t"
P011,1,CVPR,"This paper makes a significant contribution to the field of online controlled experiments by introducing statistical techniques to systematically and precisely pinpoint the Heterogeneous Treatment Effect (HTE) within specific user cohorts. The methodology is strong, as evidenced by the high Methodol"
P034,1,TMLR,"This paper presents a novel approach, Dual PatchNorm (DPN), for enhancing Vision Transformers (ViTs). The proposed method involves incorporating two LayerNormalization layers before and after the patch embedding layer. The paper demonstrates the effectiveness of DPN through extensive testing on vari"
P009,1,TMLR,"This paper merits publication at TMLR due to its strong technical alignment with the conference's focus on theoretical machine learning research, its rigorous methodology that leverages advanced mathematical principles, and its significant innovation value in extending random feature approximation m"
P127,1,NeurIPS,"This research paper aligns well with NeurIPS's technical scope, offering a timely exploration of machine learning's impact on privacy. The methodology is robust, featuring a comprehensive analysis of both traditional and innovative approaches to safeguard privacy. Moreover, the paper's innovation li"
P093,1,TMLR,"This paper meets the technical alignment requirements of TMLR, focusing on deep learning for inverse problems in computational imaging. Its methodology is sound and innovative, introducing an efficient early stopping strategy based on intermediate reconstruction variance that outperforms existing me"
P030,1,CVPR,"This paper presents a novel technique, implemented in BladeDISC++, to optimize memory usage for dynamic shape graphs, which have a fixed structure but variable tensor shapes. By leveraging symbolic shapes, the proposed operation scheduling and rematerialization strategies can effectively address the"
P019,1,CVPR,"The paper is highly relevant to CVPR, a leading conference in computer vision and pattern recognition. It focuses on developing a deep learning model to analyze digital adherence information for tuberculosis treatment, which is a significant technical challenge. The methodology is robust and innovat"
P122,1,CVPR,"This paper presents a novel precipitation nowcasting technique utilizing geostationary satellite imagery, significantly broadening the coverage area of current methods.

- **Technical alignment:** The paper aligns well with the technical focus of CVPR, showcasing innovative computer vision technique"
P021,1,CVPR,"This paper presents a compelling approach for vehicle motion prediction under domain shift conditions. Its technical alignment with the CVPR focus on computer vision, particularly in autonomous driving, is evident. The methodology is robust, leveraging a novel architecture with self-attention and a"
P040,1,CVPR,This paper presents a novel approach for sustainable architectural design that leverages 3D Convolutional Neural Networks (CNNs) to predict steady turbulent flow within a 3D environment. The approach is technically aligned with CVPR's focus on computer vision and pattern recognition. It demonstrates
P082,1,TMLR,"This paper presents a substantial contribution to the field of variational learning with disentanglement. By offering a comprehensive and well-crafted library (Disentanglement-PyTorch), the authors enable researchers to explore and evaluate a variety of algorithms in a modular and dependable manner."
P085,1,TMLR,"This paper should be published at TMLR due to its strong alignment with the conference's focus on machine learning and data privacy. The paper provides a thorough analysis of privacy evaluation methods for tabular synthetic data, filling a gap in the literature. The methodology employed is rigorous"
P010,1,TMLR,"This paper presents a novel reinforcement learning approach, MBCAL, for recommender systems, addressing crucial challenges in practical implementation. Its technical alignment with TMLR's focus on machine learning research is evident. The methodology exhibits strength through its model-based approac"
P046,1,NeurIPS,"This paper deserves publication at NeurIPS due to its strong technical alignment with the conference's focus on machine learning and its applications. The proposed symbiotic adversarial robustness approach effectively combines poisoning and evasion attacks, resulting in a more damaging impact on GNN"
P083,1,EMNLP,"This paper is strongly aligned with the technical scope of EMNLP, which focuses on the intersection of natural language processing and machine learning. The methodology is rigorous, involving the construction of a citation graph and analysis of citation patterns. The paper's innovation lies in its e"
P063,1,NeurIPS,"This paper aligns well with NeurIPS's focus on machine learning and artificial intelligence. Its technical analysis (0.88) demonstrates a strong understanding of neural network representations. The methodology (0.91) is robust and provides valuable insights into layer-wise transferability. Moreover,"
P115,1,CVPR,"This research paper is well-suited for publication at CVPR due to its high technical alignment with the conference's focus on computer vision and pattern recognition. The paper provides a comprehensive analysis of expansive multimodal models, exploring their development, methodology, and innovation"
P079,1,CVPR,"This paper presents OmniPrint, a configurable synthetic data generator for isolated printed characters. It excels in technical alignment with CVPR's scope, showcasing a robust methodology (935 fonts, 27 scripts, various distortions) and demonstrating innovation value through its adaptability and ver"
P135,1,TMLR,Error generating rationale
P084,1,CVPR,Error generating rationale
P103,1,CVPR,Error generating rationale
P042,1,TMLR,"This research paper presents a novel semantic similarity metric for image registration. The paper scores well in technical similarity, methodology strength, and innovation level, indicating its strong alignment with TMLR's focus on robust and innovative machine learning methods.

The technical simil"
P131,1,NeurIPS,"This paper proposes a novel technique for learning disentangled representations using aggregated convolutional feature maps. The paper is highly aligned with the topics of interest at NeurIPS, as it focuses on unsupervised learning and disentanglement, which are key areas of research in the field. T"
P109,1,EMNLP,"This paper focuses on a highly relevant topic for EMNLP by leveraging multimodal deep ensemble for hateful meme identification. Its technical alignment with the conference's scope is strong, with a clear emphasis on natural language processing and machine learning. The methodology employed is robust"
P055,1,CVPR,"This paper is well-suited for publication at CVPR due to its strong alignment with the conference's focus on computer vision and machine learning. The methodology employed is robust and comprehensive, involving a survey and qualitative analysis of researcher responses to the broader impact statement"
P057,1,CVPR,"This paper is highly suitable for publication at CVPR due to its strong alignment with the conference's focus on computer vision and pattern recognition. The research leverages machine learning techniques, specifically GANs, to create a novel human-machine interaction experience in the context of ar"
P052,1,TMLR,"This paper presents the Alpha Discovery Neural Network (ADNN), a novel neural network architecture designed to autonomously generate a variety of financial technical indicators using established knowledge. The paper demonstrates the technical alignment of ADNN with the TMLR conference, where it seek"
P101,1,CVPR,"This paper presents a novel methodology for medical image disease characteristics identification using weakly annotated 3D volumes, aligning well with CVPR's focus on computer vision and medical image analysis. The proposed convolutional LSTM network architecture demonstrates strong methodology stre"
P112,1,CVPR,"This paper exhibits strong technical alignment with CVPR's focus on computer vision and pattern recognition, particularly in the context of graph neural networks and sequence representations. The methodology employed is robust, with a self-supervised approach using Contrastive Learning to enrich De"
P054,1,CVPR,"This paper presents a comprehensive workshop and challenge focused on physically informed 3D food reconstruction. The technical alignment with CVPR's scope is evident in its focus on 3D reconstruction and computer vision techniques. The methodology is robust, with a well-defined challenge task, eval"
P095,1,CVPR,"This paper should be published at CVPR due to its strong technical alignment with the conference's focus on computer vision and pattern recognition. The paper's methodology is sound and innovative, with the use of representation learning and imitation learning to handle perception and exploration in"
P114,1,CVPR,"The paper presents a novel system that combines computational creativity and generative AI for personalized portraiture. It leverages an empathetic conversational component to understand the user's personality traits, which are then incorporated into the AI portrait generation process. With a techni"
P113,1,CVPR,"This paper leverages a novel ""GNN for MBRL"" model for multi-agent systems (MAS) control, which exhibits strong technical alignment with CVPR's focus on advanced vision and pattern recognition techniques. The methodology is robust, utilizing a Graph Neural Network (GNN) to predict future states and a"
P014,1,CVPR,"This paper presents a novel approach for active speaker detection in videos using a 3D CNN and an ensemble of temporal convolution and LSTM classifiers. The paper demonstrates strong technical alignment with the CVPR conference, as it proposes a method for a challenging task in computer vision. The"
P072,1,TMLR,"This paper should be published at TMLR due to its strong technical alignment with the conference's focus on machine learning research, particularly in the area of adversarial examples. The methodology employed is rigorous and well-established, ensuring the reliability of the findings. Furthermore, t"
P049,1,TMLR,The paper presents a novel methodology for semantic segmentation that incorporates self-adaptation during inference. It refines convolution layer parameters and modifies Batch Normalization layers to adapt to individual test samples. The combined application of these techniques achieves state-of-the
P012,1,TMLR,"This paper is well-aligned with the TMLR conference's focus on machine learning research. Its technical content is strong, with a clear methodology and innovative insights into the scaling characteristics of transformers in next-token language prediction.

The paper's methodology is thorough and wel"
P059,1,NeurIPS,"This paper merits publication at NeurIPS due to its high technical similarity, robust methodology, and innovative findings. The research demonstrates a counterintuitive yet effective application of positional encoding to RNNs, enhancing their learning capabilities, particularly in handling large voc"
P061,1,TMLR,This paper presents a novel framework (LeOCLR) for enhancing visual representation learning through contrastive learning with original image utilization. The framework utilizes a new instance discrimination strategy and a refined loss function to mitigate the loss of semantic information during repr
P004,1,TMLR,Error generating rationale
P089,1,TMLR,Error generating rationale
P058,1,TMLR,"This paper presents a compelling and innovative approach to enhancing RNNs by incorporating positional encoding, a technique commonly used in Transformer networks. The authors' findings reveal a previously unrecognized benefit of positional encoding, demonstrating its ability to improve the stabilit"
